Workbook
Name actor_diff: References!$B$5:$B$7
Name actor_multi: References!$B$5:$C$7
Name actor_name: 'Actor-Usecase'!$B$13:$B$22
Name actor_table: 'Actor-Usecase'!$B$13:$D$22
Name ecf: 'UCP Estimate'!$D$31
Name effort: 'UCP Estimate'!$C$34
Name moscow_list: References!$B$19:$C$22
Name priority_list: References!$B$19:$B$22
Name tcf: 'UCP Estimate'!$D$19
Name uaw: 'Actor-Usecase'!$D$11
Name ucp: 'UCP Estimate'!$C$33
Name usecase_diff: References!$B$12:$B$14
Name usecase_multi: References!$B$12:$C$14
Name uucw: 'Actor-Usecase'!$D$25

Sheet Actor-Usecase
B1: USESCASE POINT ESTIMATION
A2: Project Code | E2: Supervisor
A3: Project Name | E3: Customer
A4: I. Summary
A5: Unadjusted Actor Weight (UAW) | D5: =uaw -> 0 | E5: Total UCP | F5: =ucp -> 10.945
A6: Unadjusted Use-Case Weight (UUCW) | D6: =uucw -> 10 | E6: Estinmation Effort (manhour) | F6: =effort -> 87.56
A7: Technical Complexity Factor (TCF) | D7: =tcf -> 1.1 | E7: Number of Member | F7: 5
A8: Environmental Complexity Factor (ECF) | D8: =ecf -> 0.995 | E8: Average Effort for each member | F8: =effort/F7 -> 17.512
A10: I. Actor List
A11: Unadjusted Actor Weight (UAW) | D11: =SUM(D13:D22) -> 0
A12: No | B12: Actor Name | C12: Difficulty | D12: Weight | E12: Type | F12: Description
A13: 1 | D13: =IFERROR(VLOOKUP(C13,References!$B$4:$C$7,2,FALSE),0) -> 0
A14: =A13+1 -> 2 | D14: =IFERROR(VLOOKUP(C14,References!$B$4:$C$7,2,FALSE),0) -> 0
A15: =A14+1 -> 3 | D15: =IFERROR(VLOOKUP(C15,References!$B$4:$C$7,2,FALSE),0) -> 0
A16: =A15+1 -> 4 | D16: =IFERROR(VLOOKUP(C16,References!$B$4:$C$7,2,FALSE),0) -> 0
A17: =A16+1 -> 5 | D17: =IFERROR(VLOOKUP(C17,References!$B$4:$C$7,2,FALSE),0) -> 0
A18: =A17+1 -> 6 | D18: =IFERROR(VLOOKUP(C18,References!$B$4:$C$7,2,FALSE),0) -> 0
A19: =A18+1 -> 7 | D19: =IFERROR(VLOOKUP(C19,References!$B$4:$C$7,2,FALSE),0) -> 0
A20: =A19+1 -> 8 | D20: =IFERROR(VLOOKUP(C20,References!$B$4:$C$7,2,FALSE),0) -> 0
A21: =A20+1 -> 9 | D21: =IFERROR(VLOOKUP(C21,References!$B$4:$C$7,2,FALSE),0) -> 0
A22: =A21+1 -> 10 | D22: =IFERROR(VLOOKUP(C22,References!$B$4:$C$7,2,FALSE),0) -> 0
A24: II. Usecase List
A25: Unadjusted Use-Case Weight (UUCW) | D25: =SUM(F27:F106) -> 10
A26: No | B26: Actor | C26: UC Name | D26: Difficulty | E26: Priority | F26: Weight | G26: Description
A27: 1 | B27: Admin | C27: Create users | D27: Average | F27: =IFERROR(VLOOKUP(D27,usecase_multi,2,FALSE),0) -> 10
A28: 2 | F28: =IFERROR(VLOOKUP(D28,usecase_multi,2,FALSE),) -> 0
A29: 3 | F29: =IFERROR(VLOOKUP(D29,usecase_multi,2,FALSE),) -> 0
A30: 4 | F30: =IFERROR(VLOOKUP(D30,usecase_multi,2,FALSE),) -> 0
A31: 5 | F31: =IFERROR(VLOOKUP(D31,usecase_multi,2,FALSE),) -> 0
A32: 6 | F32: =IFERROR(VLOOKUP(D32,usecase_multi,2,FALSE),) -> 0
A33: 7 | F33: =IFERROR(VLOOKUP(D33,usecase_multi,2,FALSE),) -> 0
A34: 8 | F34: =IFERROR(VLOOKUP(D34,usecase_multi,2,FALSE),) -> 0
A35: 9 | F35: =IFERROR(VLOOKUP(D35,usecase_multi,2,FALSE),) -> 0
A36: 10 | F36: =IFERROR(VLOOKUP(D36,usecase_multi,2,FALSE),) -> 0
A37: 11 | F37: =IFERROR(VLOOKUP(D37,usecase_multi,2,FALSE),) -> 0
A38: 12 | F38: =IFERROR(VLOOKUP(D38,usecase_multi,2,FALSE),) -> 0
A39: 13 | F39: =IFERROR(VLOOKUP(D39,usecase_multi,2,FALSE),) -> 0
... A106: 80 | F106: =IFERROR(VLOOKUP(D106,usecase_multi,2,FALSE),) -> 0

Sheet UCP Estimate
A2: Technical Factor | B2: Weight | C2: Relevance 0-5 | D2: Score
A3: T1 Distributed System | B3: 2 | C3: 5 | D3: =B3*C3 -> 10
A4: T2 Performance | B4: 1 | C4: 4 | D4: =B4*C4 -> 4
A5: T3 End User Efficiency | B5: 1 | C5: 3 | D5: =B5*C5 -> 3
A6: T4 Complex Internal Processing | B6: 1 | C6: 3 | D6: =B6*C6 -> 3
A7: T5 Reusability | B7: 1 | C7: 4 | D7: =B7*C7 -> 4
A8: T6 Easy to Install | B8: 0.5 | C8: 4 | D8: =B8*C8 -> 2
A9: T7 Easy to Use | B9: 0.5 | C9: 4 | D9: =B9*C9 -> 2
A10: T8 Portability | B10: 2 | C10: 3 | D10: =B10*C10 -> 6
A11: T9 Easy to Change | B11: 1 | C11: 4 | D11: =B11*C11 -> 4
A12: T10 Concurrency | B12: 1 | C12: 3 | D12: =B12*C12 -> 3
A13: T11 Special Security Features | B13: 1 | C13: 3 | D13: =B13*C13 -> 3
A14: T12 Provides Direct Access for Third Parties | B14: 1 | C14: 3 | D14: =B14*C14 -> 3
A15: T13 Special User Training Facilities Are Required | B15: 1 | C15: 3 | D15: =B15*C15 -> 3
A16: Sum | D16: =SUM(D3:D15) -> 50
A17: Complexity Factor | D17: 0.6
A18: C2 | D18: 0.01
A19: TCF | D19: =D17+(D18*D16) -> 1.1
A21: Environmental Factor | B21: Weight | C21: Impacte 0-5 | D21: Score
A22: E1 Familiarity With UML | B22: 1.5 | C22: 3 | D22: =B22*C22 -> 4.5
A23: E2 Part-Time Workers | B23: -1 | C23: 3 | D23: =B23*C23 -> -3
A24: E3 Analyst Capability | B24: 0.5 | C24: 3 | D24: =B24*C24 -> 1.5
A25: E4 Application Experience | B25: 0.5 | C25: 3 | D25: =B25*C25 -> 1.5
A26: E5 Object-Oriented Experience | B26: 1 | C26: 3 | D26: =B26*C26 -> 3
A27: E6 Motivation | B27: 1 | C27: 3 | D27: =B27*C27 -> 3
A28: E7 Difficult Programming Language | B28: -1 | C28: 3 | D28: =B28*C28 -> -3
A29: E8 Stable Requirements | B29: 2 | C29: 3 | D29: =B29*C29 -> 6
A30: Sum (ETF) | D30: =SUM(D22:D29) -> 13.5
A31: ECF = 1.4 +(-0.03 * Environmental Total Factor) | D31: =1.4+(-0.03*D30) -> 0.995
A32: PF (Historical based average man hours per use case point) | D32: 8 | E32: manhour
A33: Estimation Usecase Point (UCP = UUCP * TCF * ECF) | C33: =(uaw+uucw)*tcf*ecf -> 10.945
A34: Estimation Effort (manhours) | C34: =ucp*D32 -> 87.56

Sheet References
A2: I. Actor
A4: No | B4: Difficulty | C4: Multiplier | D4: Description
A5: 1 | B5: Simple | C5: 1 | D5: Simple actors are other systems that communicate with your software via a pre-defined API. An API could be exposed through a dll, or as a REST, SOAP, or any web-service API or remote procedure call (RPC). The key element is that you are exposing interaction with your software through a specific, well-defined mechanism.
A6: 2 | B6: Average | C6: 2 | D6: Average actors can either be human beings interacting in a well defined protocol, or they could be systems that interact through a more complex or flexible API.
A7: 3 | B7: Complex | C7: 3 | D7: The original definition of complex actors specifies that users who interact with the software through a graphical user interface are complex actors. While that is true, the same classifcation should apply to users who interact with the system in unpredictable ways. An AJAX interface that exposes more of the underlying application (and data stores) than would be available through a rigid protocol might introduce similar complexity.
A9: II. Usecase
A11: No | B11: Difficulty | C11: Multiplier | D11: Description
A12: 1 | B12: Simple | C12: 5 | D12: Simple Use Case - up to 3 transactions.
A13: 2 | B13: Average | C13: 10 | D13: Average Use Case - 4 to 7 transactions.
A14: 3 | B14: Complex | C14: 15 | D14: Complex Use Case - more than 7 transactions.
A16: III. MoSCoW Prioritisation
A18: No | B18: Rules | C18: Priority | D18: Description
A19: 1 | B19: Must Have | C19: High | D19: Requirements labelled as Must have are critical to the current delivery timebox in order for it to be a success. If even one Must have requirement is not included, the project delivery should be considered a failure
A20: 2 | B20: Should Have | C20: Medium | D20: Requirements labelled as Should have are important but not necessary for delivery in the current delivery timebox.
A21: 3 | B21: Could Have | C21: Low | D21: Requirements labelled as Could have are desirable but not necessary and could improve the user experience or customer satisfaction for a little development cost.
A22: 4 | B22: Won’t Have this time | C22: Very Low | D22: Requirements labelled as Won't have, have been agreed by stakeholders as the least-critical, lowest-payback items, or not appropriate at that time.
